{"cameraMode":{"drawMode":0,"name":"Shaded","section":"Shading Mode"},"sceneLighting":false,"audioPlay":false,"sceneViewState":{"showFog":true,"showMaterialUpdate":false,"showSkybox":true,"showFlares":true,"showImageEffects":true,"showParticleSystems":true},"in2DMode":false,"pivot":{"x":207.77772521972657,"y":658.9889526367188,"z":-399.73370361328127},"rotation":{"x":-0.19390785694122315,"y":-0.027913622558116914,"z":0.014039665460586548,"w":-0.9814646244049072},"size":22.0,"orthographic":false}