{"cameraMode":{"drawMode":0,"name":"Shaded","section":"Shading Mode"},"sceneLighting":false,"audioPlay":false,"sceneViewState":{"showFog":true,"showMaterialUpdate":false,"showSkybox":true,"showFlares":true,"showImageEffects":true,"showParticleSystems":true},"in2DMode":false,"pivot":{"x":-4.430521011352539,"y":-47.3022575378418,"z":100.1133804321289},"rotation":{"x":-0.21881164610385896,"y":0.004211945924907923,"z":0.000766567827668041,"w":-0.9761696457862854},"size":139.01551818847657,"orthographic":false}